symbol,base_asset,quote_asset,status,base_precision,quote_precision
ETHBTC,ETH,BTC,TRADING,8,8
LTCBTC,LTC,BTC,TRADING,8,8
BNBBTC,BNB,BTC,TRADING,8,8
NEOBTC,NEO,BTC,TRADING,8,8
QTUMETH,QTUM,ETH,TRADING,8,8
GASBTC,GAS,BTC,TRADING,8,8
BNBETH,BNB,ETH,TRADING,8,8
BTCUSDT,BTC,USDT,TRADING,8,8
ETHUSDT,ETH,USDT,TRADING,8,8
LRCBTC,LRC,BTC,TRADING,8,8
LRCETH,LRC,ETH,TRADING,8,8
QTUMBTC,QTUM,BTC,TRADING,8,8
ZRXBTC,ZRX,BTC,TRADING,8,8
KNCBTC,KNC,BTC,TRADING,8,8
IOTABTC,IOTA,BTC,TRADING,8,8
IOTAETH,IOTA,ETH,TRADING,8,8
LINKBTC,LINK,BTC,TRADING,8,8
LINKETH,LINK,ETH,TRADING,8,8
XVGETH,XVG,ETH,TRADING,8,8
MTLBTC,MTL,BTC,TRADING,8,8
ETCETH,ETC,ETH,TRADING,8,8
ETCBTC,ETC,BTC,TRADING,8,8
ZECBTC,ZEC,BTC,TRADING,8,8
ZECETH,ZEC,ETH,TRADING,8,8
DASHBTC,DASH,BTC,TRADING,8,8
DASHETH,DASH,ETH,TRADING,8,8
REQBTC,REQ,BTC,TRADING,8,8
TRXBTC,TRX,BTC,TRADING,8,8
TRXETH,TRX,ETH,TRADING,8,8
POWRBTC,POWR,BTC,TRADING,8,8
POWRETH,POWR,ETH,TRADING,8,8
XRPBTC,XRP,BTC,TRADING,8,8
XRPETH,XRP,ETH,TRADING,8,8
ENJBTC,ENJ,BTC,TRADING,8,8
STORJBTC,STORJ,BTC,TRADING,8,8
BNBUSDT,BNB,USDT,TRADING,8,8
BATBTC,BAT,BTC,TRADING,8,8
NEOUSDT,NEO,USDT,TRADING,8,8
LSKBTC,LSK,BTC,TRADING,8,8
MANABTC,MANA,BTC,TRADING,8,8
MANAETH,MANA,ETH,TRADING,8,8
ADXBTC,ADX,BTC,TRADING,8,8
ADXETH,ADX,ETH,TRADING,8,8
ADABTC,ADA,BTC,TRADING,8,8
ADAETH,ADA,ETH,TRADING,8,8
XLMBTC,XLM,BTC,TRADING,8,8
XLMETH,XLM,ETH,TRADING,8,8
LTCETH,LTC,ETH,TRADING,8,8
LTCUSDT,LTC,USDT,TRADING,8,8
LTCBNB,LTC,BNB,TRADING,8,8
ICXBTC,ICX,BTC,TRADING,8,8
RLCBTC,RLC,BTC,TRADING,8,8
RLCETH,RLC,ETH,TRADING,8,8
PIVXBTC,PIVX,BTC,TRADING,8,8
STEEMBTC,STEEM,BTC,TRADING,8,8
STEEMETH,STEEM,ETH,TRADING,8,8
ZILETH,ZIL,ETH,TRADING,8,8
ONTBTC,ONT,BTC,TRADING,8,8
QTUMUSDT,QTUM,USDT,TRADING,8,8
WANBTC,WAN,BTC,TRADING,8,8
SYSBTC,SYS,BTC,TRADING,8,8
ADAUSDT,ADA,USDT,TRADING,8,8
ADABNB,ADA,BNB,TRADING,8,8
XRPUSDT,XRP,USDT,TRADING,8,8
BTCTUSD,BTC,TUSD,TRADING,8,8
ETHTUSD,ETH,TUSD,TRADING,8,8
ZENBTC,ZEN,BTC,TRADING,8,8
THETABTC,THETA,BTC,TRADING,8,8
XRPBNB,XRP,BNB,TRADING,8,8
TUSDUSDT,TUSD,USDT,TRADING,8,8
IOTAUSDT,IOTA,USDT,TRADING,8,8
XLMUSDT,XLM,USDT,TRADING,8,8
IOTXBTC,IOTX,BTC,TRADING,8,8
IOTXETH,IOTX,ETH,TRADING,8,8
DATABTC,DATA,BTC,TRADING,8,8
ONTUSDT,ONT,USDT,TRADING,8,8
TRXBNB,TRX,BNB,TRADING,8,8
TRXUSDT,TRX,USDT,TRADING,8,8
ETCUSDT,ETC,USDT,TRADING,8,8
ETCBNB,ETC,BNB,TRADING,8,8
ICXUSDT,ICX,USDT,TRADING,8,8
SCETH,SC,ETH,TRADING,8,8
DENTETH,DENT,ETH,TRADING,8,8
ARDRBTC,ARDR,BTC,TRADING,8,8
HOTETH,HOT,ETH,TRADING,8,8
VETBTC,VET,BTC,TRADING,8,8
VETETH,VET,ETH,TRADING,8,8
VETUSDT,VET,USDT,TRADING,8,8
VETBNB,VET,BNB,TRADING,8,8
RVNBTC,RVN,BTC,TRADING,8,8
BNBTUSD,BNB,TUSD,TRADING,8,8
XRPTUSD,XRP,TUSD,TRADING,8,8
BNBUSDC,BNB,USDC,TRADING,8,8
BTCUSDC,BTC,USDC,TRADING,8,8
ETHUSDC,ETH,USDC,TRADING,8,8
XRPUSDC,XRP,USDC,TRADING,8,8
XLMUSDC,XLM,USDC,TRADING,8,8
USDCUSDT,USDC,USDT,TRADING,8,8
TRXXRP,TRX,XRP,TRADING,8,8
LINKUSDT,LINK,USDT,TRADING,8,8
LINKUSDC,LINK,USDC,TRADING,8,8
LTCUSDC,LTC,USDC,TRADING,8,8
TRXUSDC,TRX,USDC,TRADING,8,8
ONGBTC,ONG,BTC,TRADING,8,8
ONGUSDT,ONG,USDT,TRADING,8,8
HOTUSDT,HOT,USDT,TRADING,8,8
ZILUSDT,ZIL,USDT,TRADING,8,8
ZRXUSDT,ZRX,USDT,TRADING,8,8
FETBNB,FET,BNB,TRADING,8,8
FETBTC,FET,BTC,TRADING,8,8
FETUSDT,FET,USDT,TRADING,8,8
BATUSDT,BAT,USDT,TRADING,8,8
ZECUSDT,ZEC,USDT,TRADING,8,8
IOSTUSDT,IOST,USDT,TRADING,8,8
CELRUSDT,CELR,USDT,TRADING,8,8
ADAUSDC,ADA,USDC,TRADING,8,8
NEOUSDC,NEO,USDC,TRADING,8,8
DASHUSDT,DASH,USDT,TRADING,8,8
THETAUSDT,THETA,USDT,TRADING,8,8
ENJUSDT,ENJ,USDT,TRADING,8,8
ATOMBTC,ATOM,BTC,TRADING,8,8
ATOMUSDT,ATOM,USDT,TRADING,8,8
ATOMUSDC,ATOM,USDC,TRADING,8,8
ETCUSDC,ETC,USDC,TRADING,8,8
PHBBTC,PHB,BTC,TRADING,8,8
TFUELBTC,TFUEL,BTC,TRADING,8,8
TFUELUSDT,TFUEL,USDT,TRADING,8,8
ONEUSDT,ONE,USDT,TRADING,8,8
ALGOBTC,ALGO,BTC,TRADING,8,8
ALGOUSDT,ALGO,USDT,TRADING,8,8
ALGOUSDC,ALGO,USDC,TRADING,8,8
DOGEBTC,DOGE,BTC,TRADING,8,8
DOGEUSDT,DOGE,USDT,TRADING,8,8
DOGEUSDC,DOGE,USDC,TRADING,8,8
DUSKBTC,DUSK,BTC,TRADING,8,8
DUSKUSDT,DUSK,USDT,TRADING,8,8
ANKRBTC,ANKR,BTC,TRADING,8,8
ANKRUSDT,ANKR,USDT,TRADING,8,8
ONTUSDC,ONT,USDC,TRADING,8,8
WINUSDT,WIN,USDT,TRADING,8,8
COSUSDT,COS,USDT,TRADING,8,8
MTLUSDT,MTL,USDT,TRADING,8,8
DENTUSDT,DENT,USDT,TRADING,8,8
WANUSDT,WAN,USDT,TRADING,8,8
FUNUSDT,FUN,USDT,TRADING,8,8
CVCUSDT,CVC,USDT,TRADING,8,8
WINTRX,WIN,TRX,TRADING,8,8
CHZBNB,CHZ,BNB,TRADING,8,8
CHZBTC,CHZ,BTC,TRADING,8,8
CHZUSDT,CHZ,USDT,TRADING,8,8
BANDBTC,BAND,BTC,TRADING,8,8
BANDUSDT,BAND,USDT,TRADING,8,8
XTZBTC,XTZ,BTC,TRADING,8,8
XTZUSDT,XTZ,USDT,TRADING,8,8
RVNUSDT,RVN,USDT,TRADING,8,8
HBARBNB,HBAR,BNB,TRADING,8,8
HBARBTC,HBAR,BTC,TRADING,8,8
HBARUSDT,HBAR,USDT,TRADING,8,8
NKNBTC,NKN,BTC,TRADING,8,8
NKNUSDT,NKN,USDT,TRADING,8,8
STXBNB,STX,BNB,TRADING,8,8
STXBTC,STX,BTC,TRADING,8,8
STXUSDT,STX,USDT,TRADING,8,8
KAVABTC,KAVA,BTC,TRADING,8,8
KAVAUSDT,KAVA,USDT,TRADING,8,8
ARPABTC,ARPA,BTC,TRADING,8,8
ARPAUSDT,ARPA,USDT,TRADING,8,8
IOTXUSDT,IOTX,USDT,TRADING,8,8
RLCUSDT,RLC,USDT,TRADING,8,8
BCHBNB,BCH,BNB,TRADING,8,8
BCHBTC,BCH,BTC,TRADING,8,8
BCHUSDT,BCH,USDT,TRADING,8,8
BCHUSDC,BCH,USDC,TRADING,8,8
FTTUSDT,FTT,USDT,TRADING,8,8
BTCTRY,BTC,TRY,TRADING,8,8
BNBTRY,BNB,TRY,TRADING,8,8
ETHTRY,ETH,TRY,TRADING,8,8
XRPTRY,XRP,TRY,TRADING,8,8
USDTTRY,USDT,TRY,TRADING,8,8
BTCEUR,BTC,EUR,TRADING,8,8
ETHEUR,ETH,EUR,TRADING,8,8
BNBEUR,BNB,EUR,TRADING,8,8
XRPEUR,XRP,EUR,TRADING,8,8
EURUSDT,EUR,USDT,TRADING,8,8
OGNBTC,OGN,BTC,TRADING,8,8
OGNUSDT,OGN,USDT,TRADING,8,8
LSKUSDT,LSK,USDT,TRADING,8,8
BNTUSDT,BNT,USDT,TRADING,8,8
MBLUSDT,MBL,USDT,TRADING,8,8
COTIBTC,COTI,BTC,TRADING,8,8
COTIUSDT,COTI,USDT,TRADING,8,8
BTCZAR,BTC,ZAR,TRADING,8,8
ETHZAR,ETH,ZAR,TRADING,8,8
USDTZAR,USDT,ZAR,TRADING,8,8
DATAUSDT,DATA,USDT,TRADING,8,8
SOLBNB,SOL,BNB,TRADING,8,8
SOLBTC,SOL,BTC,TRADING,8,8
SOLUSDT,SOL,USDT,TRADING,8,8
CTSIBTC,CTSI,BTC,TRADING,8,8
CTSIUSDT,CTSI,USDT,TRADING,8,8
HIVEBTC,HIVE,BTC,TRADING,8,8
HIVEUSDT,HIVE,USDT,TRADING,8,8
CHRBTC,CHR,BTC,TRADING,8,8
CHRUSDT,CHR,USDT,TRADING,8,8
ARDRUSDT,ARDR,USDT,TRADING,8,8
MDTUSDT,MDT,USDT,TRADING,8,8
KNCUSDT,KNC,USDT,TRADING,8,8
LRCUSDT,LRC,USDT,TRADING,8,8
BTCUAH,BTC,UAH,TRADING,8,8
USDTUAH,USDT,UAH,TRADING,8,8
COMPBTC,COMP,BTC,TRADING,8,8
COMPUSDT,COMP,USDT,TRADING,8,8
SCUSDT,SC,USDT,TRADING,8,8
ZENUSDT,ZEN,USDT,TRADING,8,8
SXPBTC,SXP,BTC,TRADING,8,8
SNXBTC,SNX,BTC,TRADING,8,8
SNXUSDT,SNX,USDT,TRADING,8,8
VTHOUSDT,VTHO,USDT,TRADING,8,8
DGBUSDT,DGB,USDT,TRADING,8,8
SXPUSDT,SXP,USDT,TRADING,8,8
MKRBTC,MKR,BTC,TRADING,8,8
MKRUSDT,MKR,USDT,TRADING,8,8
RUNEBTC,RUNE,BTC,TRADING,8,8
DCRUSDT,DCR,USDT,TRADING,8,8
STORJUSDT,STORJ,USDT,TRADING,8,8
AVABTC,AVA,BTC,TRADING,8,8
MANAUSDT,MANA,USDT,TRADING,8,8
YFIBTC,YFI,BTC,TRADING,8,8
YFIUSDT,YFI,USDT,TRADING,8,8
BTCDAI,BTC,DAI,TRADING,8,8
ETHDAI,ETH,DAI,TRADING,8,8
USDTDAI,USDT,DAI,TRADING,8,8
JSTBTC,JST,BTC,TRADING,8,8
JSTUSDT,JST,USDT,TRADING,8,8
CRVBTC,CRV,BTC,TRADING,8,8
CRVUSDT,CRV,USDT,TRADING,8,8
SANDBTC,SAND,BTC,TRADING,8,8
SANDUSDT,SAND,USDT,TRADING,8,8
NMRBTC,NMR,BTC,TRADING,8,8
NMRUSDT,NMR,USDT,TRADING,8,8
DOTBNB,DOT,BNB,TRADING,8,8
DOTBTC,DOT,BTC,TRADING,8,8
DOTUSDT,DOT,USDT,TRADING,8,8
LUNAUSDT,LUNA,USDT,TRADING,8,8
RSRUSDT,RSR,USDT,TRADING,8,8
PAXGBTC,PAXG,BTC,TRADING,8,8
PAXGUSDT,PAXG,USDT,TRADING,8,8
TRBBTC,TRB,BTC,TRADING,8,8
TRBUSDT,TRB,USDT,TRADING,8,8
WBTCBTC,WBTC,BTC,TRADING,8,8
WBTCETH,WBTC,ETH,TRADING,8,8
SUSHIBTC,SUSHI,BTC,TRADING,8,8
SUSHIUSDT,SUSHI,USDT,TRADING,8,8
KSMBTC,KSM,BTC,TRADING,8,8
KSMUSDT,KSM,USDT,TRADING,8,8
EGLDBNB,EGLD,BNB,TRADING,8,8
EGLDBTC,EGLD,BTC,TRADING,8,8
EGLDUSDT,EGLD,USDT,TRADING,8,8
DIABTC,DIA,BTC,TRADING,8,8
DIAUSDT,DIA,USDT,TRADING,8,8
RUNEUSDT,RUNE,USDT,TRADING,8,8
FIOUSDT,FIO,USDT,TRADING,8,8
UMABTC,UMA,BTC,TRADING,8,8
UMAUSDT,UMA,USDT,TRADING,8,8
LINKTRY,LINK,TRY,TRADING,8,8
BELBTC,BEL,BTC,TRADING,8,8
BELUSDT,BEL,USDT,TRADING,8,8
UNIBTC,UNI,BTC,TRADING,8,8
UNIUSDT,UNI,USDT,TRADING,8,8
OXTBTC,OXT,BTC,TRADING,8,8
OXTUSDT,OXT,USDT,TRADING,8,8
SUNUSDT,SUN,USDT,TRADING,8,8
AVAXBNB,AVAX,BNB,TRADING,8,8
AVAXBTC,AVAX,BTC,TRADING,8,8
AVAXUSDT,AVAX,USDT,TRADING,8,8
FLMBTC,FLM,BTC,TRADING,8,8
FLMUSDT,FLM,USDT,TRADING,8,8
SCRTBTC,SCRT,BTC,TRADING,8,8
CAKEBNB,CAKE,BNB,TRADING,8,8
SXPTRY,SXP,TRY,TRADING,8,8
UTKUSDT,UTK,USDT,TRADING,8,8
XVSBNB,XVS,BNB,TRADING,8,8
XVSBTC,XVS,BTC,TRADING,8,8
XVSUSDT,XVS,USDT,TRADING,8,8
BTCBRL,BTC,BRL,TRADING,8,8
USDTBRL,USDT,BRL,TRADING,8,8
AAVEBTC,AAVE,BTC,TRADING,8,8
AAVEETH,AAVE,ETH,TRADING,8,8
AAVEUSDT,AAVE,USDT,TRADING,8,8
NEARBNB,NEAR,BNB,TRADING,8,8
NEARBTC,NEAR,BTC,TRADING,8,8
NEARUSDT,NEAR,USDT,TRADING,8,8
FILBTC,FIL,BTC,TRADING,8,8
FILUSDT,FIL,USDT,TRADING,8,8
INJBNB,INJ,BNB,TRADING,8,8
INJBTC,INJ,BTC,TRADING,8,8
INJUSDT,INJ,USDT,TRADING,8,8
LINKEUR,LINK,EUR,TRADING,8,8
AUDIOBTC,AUDIO,BTC,TRADING,8,8
AUDIOUSDT,AUDIO,USDT,TRADING,8,8
CTKBNB,CTK,BNB,TRADING,8,8
CTKBTC,CTK,BTC,TRADING,8,8
CTKUSDT,CTK,USDT,TRADING,8,8
ETHBRL,ETH,BRL,TRADING,8,8
DOTEUR,DOT,EUR,TRADING,8,8
AXSBNB,AXS,BNB,TRADING,8,8
AXSBTC,AXS,BTC,TRADING,8,8
AXSUSDT,AXS,USDT,TRADING,8,8
BNBBRL,BNB,BRL,TRADING,8,8
LTCEUR,LTC,EUR,TRADING,8,8
SLPETH,SLP,ETH,TRADING,8,8
ADAEUR,ADA,EUR,TRADING,8,8
STRAXBTC,STRAX,BTC,TRADING,8,8
STRAXUSDT,STRAX,USDT,TRADING,8,8
ROSEBTC,ROSE,BTC,TRADING,8,8
ROSEUSDT,ROSE,USDT,TRADING,8,8
AVAXTRY,AVAX,TRY,TRADING,8,8
AVAUSDT,AVA,USDT,TRADING,8,8
XRPBRL,XRP,BRL,TRADING,8,8
SKLBTC,SKL,BTC,TRADING,8,8
SKLUSDT,SKL,USDT,TRADING,8,8
BCHEUR,BCH,EUR,TRADING,8,8
GLMBTC,GLM,BTC,TRADING,8,8
LINKBRL,LINK,BRL,TRADING,8,8
TRXTRY,TRX,TRY,TRADING,8,8
XLMEUR,XLM,EUR,TRADING,8,8
GRTBTC,GRT,BTC,TRADING,8,8
GRTETH,GRT,ETH,TRADING,8,8
GRTUSDT,GRT,USDT,TRADING,8,8
JUVUSDT,JUV,USDT,TRADING,8,8
PSGUSDT,PSG,USDT,TRADING,8,8
1INCHBTC,1INCH,BTC,TRADING,8,8
1INCHUSDT,1INCH,USDT,TRADING,8,8
OGBTC,OG,BTC,TRADING,8,8
OGUSDT,OG,USDT,TRADING,8,8
ATMUSDT,ATM,USDT,TRADING,8,8
ASRUSDT,ASR,USDT,TRADING,8,8
CELOBTC,CELO,BTC,TRADING,8,8
CELOUSDT,CELO,USDT,TRADING,8,8
RIFBTC,RIF,BTC,TRADING,8,8
RIFUSDT,RIF,USDT,TRADING,8,8
CHZTRY,CHZ,TRY,TRADING,8,8
XLMTRY,XLM,TRY,TRADING,8,8
GRTEUR,GRT,EUR,TRADING,8,8
TRUUSDT,TRU,USDT,TRADING,8,8
LTCBRL,LTC,BRL,TRADING,8,8
CKBUSDT,CKB,USDT,TRADING,8,8
TWTUSDT,TWT,USDT,TRADING,8,8
DOGEEUR,DOGE,EUR,TRADING,8,8
DOGETRY,DOGE,TRY,TRADING,8,8
DOGEBRL,DOGE,BRL,TRADING,8,8
SFPBTC,SFP,BTC,TRADING,8,8
SFPUSDT,SFP,USDT,TRADING,8,8
DOTTRY,DOT,TRY,TRADING,8,8
DODOBTC,DODO,BTC,TRADING,8,8
DODOUSDT,DODO,USDT,TRADING,8,8
CAKEBTC,CAKE,BTC,TRADING,8,8
CAKEUSDT,CAKE,USDT,TRADING,8,8
ACMUSDT,ACM,USDT,TRADING,8,8
AUCTIONBTC,AUCTION,BTC,TRADING,8,8
PHABTC,PHA,BTC,TRADING,8,8
ADATRY,ADA,TRY,TRADING,8,8
ADABRL,ADA,BRL,TRADING,8,8
FISBTC,FIS,BTC,TRADING,8,8
FISUSDT,FIS,USDT,TRADING,8,8
DOTBRL,DOT,BRL,TRADING,8,8
HOTTRY,HOT,TRY,TRADING,8,8
EGLDEUR,EGLD,EUR,TRADING,8,8
OMBTC,OM,BTC,TRADING,8,8
OMUSDT,OM,USDT,TRADING,8,8
PONDUSDT,POND,USDT,TRADING,8,8
DEGOUSDT,DEGO,USDT,TRADING,8,8
AVAXEUR,AVAX,EUR,TRADING,8,8
ALICEUSDT,ALICE,USDT,TRADING,8,8
NEOTRY,NEO,TRY,TRADING,8,8
PERPUSDT,PERP,USDT,TRADING,8,8
SUPERBTC,SUPER,BTC,TRADING,8,8
SUPERUSDT,SUPER,USDT,TRADING,8,8
CFXBTC,CFX,BTC,TRADING,8,8
CFXUSDT,CFX,USDT,TRADING,8,8
RVNTRY,RVN,TRY,TRADING,8,8
TKOUSDT,TKO,USDT,TRADING,8,8
PUNDIXUSDT,PUNDIX,USDT,TRADING,8,8
WINEUR,WIN,EUR,TRADING,8,8
TLMUSDT,TLM,USDT,TRADING,8,8
ONTTRY,ONT,TRY,TRADING,8,8
VETEUR,VET,EUR,TRADING,8,8
BARUSDT,BAR,USDT,TRADING,8,8
FORTHBTC,FORTH,BTC,TRADING,8,8
FORTHUSDT,FORTH,USDT,TRADING,8,8
BAKEUSDT,BAKE,USDT,TRADING,8,8
SLPUSDT,SLP,USDT,TRADING,8,8
TRXEUR,TRX,EUR,TRADING,8,8
VETTRY,VET,TRY,TRADING,8,8
SHIBUSDT,SHIB,USDT,TRADING,2,8
ICPBTC,ICP,BTC,TRADING,8,8
ICPUSDT,ICP,USDT,TRADING,8,8
SHIBEUR,SHIB,EUR,TRADING,2,8
ARBTC,AR,BTC,TRADING,8,8
ARUSDT,AR,USDT,TRADING,8,8
MASKUSDT,MASK,USDT,TRADING,8,8
LPTBTC,LPT,BTC,TRADING,8,8
LPTBNB,LPT,BNB,TRADING,8,8
LPTUSDT,LPT,USDT,TRADING,8,8
SOLEUR,SOL,EUR,TRADING,8,8
SHIBBRL,SHIB,BRL,TRADING,2,8
ICPEUR,ICP,EUR,TRADING,8,8
SHIBTRY,SHIB,TRY,TRADING,2,8
XVGUSDT,XVG,USDT,TRADING,8,8
ATABTC,ATA,BTC,TRADING,8,8
ATAUSDT,ATA,USDT,TRADING,8,8
GTCUSDT,GTC,USDT,TRADING,8,8
BAKEBTC,BAKE,BTC,TRADING,8,8
SOLTRY,SOL,TRY,TRADING,8,8
SOLBRL,SOL,BRL,TRADING,8,8
PHAUSDT,PHA,USDT,TRADING,8,8
MLNUSDT,MLN,USDT,TRADING,8,8
GRTTRY,GRT,TRY,TRADING,8,8
DEXEUSDT,DEXE,USDT,TRADING,8,8
C98USDT,C98,USDT,TRADING,8,8
QNTBTC,QNT,BTC,TRADING,8,8
QNTUSDT,QNT,USDT,TRADING,8,8
FLOWBTC,FLOW,BTC,TRADING,8,8
FLOWUSDT,FLOW,USDT,TRADING,8,8
MINABTC,MINA,BTC,TRADING,8,8
MINAUSDT,MINA,USDT,TRADING,8,8
RAYUSDT,RAY,USDT,TRADING,8,8
FARMUSDT,FARM,USDT,TRADING,8,8
TLMTRY,TLM,TRY,TRADING,8,8
QUICKUSDT,QUICK,USDT,TRADING,8,8
MBOXUSDT,MBOX,USDT,TRADING,8,8
REQUSDT,REQ,USDT,TRADING,8,8
GHSTUSDT,GHST,USDT,TRADING,8,8
WAXPUSDT,WAXP,USDT,TRADING,8,8
WAXPBTC,WAXP,BTC,TRADING,8,8
GNOUSDT,GNO,USDT,TRADING,8,8
ARPATRY,ARPA,TRY,TRADING,8,8
XECUSDT,XEC,USDT,TRADING,2,8
DYDXUSDT,DYDX,USDT,TRADING,8,8
DYDXBTC,DYDX,BTC,TRADING,8,8
IDEXUSDT,IDEX,USDT,TRADING,8,8
USDPUSDT,USDP,USDT,TRADING,8,8
GALAUSDT,GALA,USDT,TRADING,8,8
GALABTC,GALA,BTC,TRADING,8,8
ILVUSDT,ILV,USDT,TRADING,8,8
ILVBTC,ILV,BTC,TRADING,8,8
YGGUSDT,YGG,USDT,TRADING,8,8
YGGBTC,YGG,BTC,TRADING,8,8
SYSUSDT,SYS,USDT,TRADING,8,8
DFUSDT,DF,USDT,TRADING,8,8
SOLUSDC,SOL,USDC,TRADING,8,8
FIDAUSDT,FIDA,USDT,TRADING,8,8
FIDABTC,FIDA,BTC,TRADING,8,8
AGLDBTC,AGLD,BTC,TRADING,8,8
AGLDUSDT,AGLD,USDT,TRADING,8,8
RADUSDT,RAD,USDT,TRADING,8,8
RAREBTC,RARE,BTC,TRADING,8,8
RAREUSDT,RARE,USDT,TRADING,8,8
AVAXBRL,AVAX,BRL,TRADING,8,8
AXSETH,AXS,ETH,TRADING,8,8
SOLETH,SOL,ETH,TRADING,8,8
SSVBTC,SSV,BTC,TRADING,8,8
SSVETH,SSV,ETH,TRADING,8,8
LAZIOTRY,LAZIO,TRY,TRADING,8,8
LAZIOUSDT,LAZIO,USDT,TRADING,8,8
CHESSUSDT,CHESS,USDT,TRADING,8,8
ADXUSDT,ADX,USDT,TRADING,8,8
AUCTIONUSDT,AUCTION,USDT,TRADING,8,8
SHIBDOGE,SHIB,DOGE,TRADING,2,8
MANATRY,MANA,TRY,TRADING,8,8
MOVRBTC,MOVR,BTC,TRADING,8,8
MOVRUSDT,MOVR,USDT,TRADING,8,8
CITYUSDT,CITY,USDT,TRADING,8,8
ENSBTC,ENS,BTC,TRADING,8,8
ENSUSDT,ENS,USDT,TRADING,8,8
DOTETH,DOT,ETH,TRADING,8,8
SANDTRY,SAND,TRY,TRADING,8,8
QIUSDT,QI,USDT,TRADING,8,8
PORTOUSDT,PORTO,USDT,TRADING,8,8
PORTOTRY,PORTO,TRY,TRADING,8,8
POWRUSDT,POWR,USDT,TRADING,8,8
AVAXETH,AVAX,ETH,TRADING,8,8
SLPTRY,SLP,TRY,TRADING,8,8
LRCTRY,LRC,TRY,TRADING,8,8
GALAETH,GALA,ETH,TRADING,8,8
JASMYUSDT,JASMY,USDT,TRADING,8,8
AMPUSDT,AMP,USDT,TRADING,8,8
PYRBTC,PYR,BTC,TRADING,8,8
PYRUSDT,PYR,USDT,TRADING,8,8
ALCXUSDT,ALCX,USDT,TRADING,8,8
SANTOSBTC,SANTOS,BTC,TRADING,8,8
SANTOSUSDT,SANTOS,USDT,TRADING,8,8
SANTOSTRY,SANTOS,TRY,TRADING,8,8
BELTRY,BEL,TRY,TRADING,8,8
DENTTRY,DENT,TRY,TRADING,8,8
ENJTRY,ENJ,TRY,TRADING,8,8
BICOBTC,BICO,BTC,TRADING,8,8
BICOUSDT,BICO,USDT,TRADING,8,8
FLUXBTC,FLUX,BTC,TRADING,8,8
FLUXUSDT,FLUX,USDT,TRADING,8,8
ALICETRY,ALICE,TRY,TRADING,8,8
FXSUSDT,FXS,USDT,TRADING,8,8
GALABRL,GALA,BRL,TRADING,8,8
GALATRY,GALA,TRY,TRADING,8,8
LUNATRY,LUNA,TRY,TRADING,8,8
VOXELUSDT,VOXEL,USDT,TRADING,8,8
MINATRY,MINA,TRY,TRADING,8,8
HIGHUSDT,HIGH,USDT,TRADING,8,8
CVXUSDT,CVX,USDT,TRADING,8,8
PEOPLEBTC,PEOPLE,BTC,TRADING,8,8
PEOPLEUSDT,PEOPLE,USDT,TRADING,8,8
LINKBNB,LINK,BNB,TRADING,8,8
SPELLUSDT,SPELL,USDT,TRADING,8,8
JOEBTC,JOE,BTC,TRADING,8,8
JOEUSDT,JOE,USDT,TRADING,8,8
ATOMETH,ATOM,ETH,TRADING,8,8
EGLDETH,EGLD,ETH,TRADING,8,8
ICPETH,ICP,ETH,TRADING,8,8
NEARETH,NEAR,ETH,TRADING,8,8
ATOMTRY,ATOM,TRY,TRADING,8,8
ACHBTC,ACH,BTC,TRADING,8,8
ACHUSDT,ACH,USDT,TRADING,8,8
IMXBTC,IMX,BTC,TRADING,8,8
IMXUSDT,IMX,USDT,TRADING,8,8
GLMRBTC,GLMR,BTC,TRADING,8,8
GLMRUSDT,GLMR,USDT,TRADING,8,8
ICPTRY,ICP,TRY,TRADING,8,8
UNIETH,UNI,ETH,TRADING,8,8
LOKABTC,LOKA,BTC,TRADING,8,8
LOKAUSDT,LOKA,USDT,TRADING,8,8
ROSETRY,ROSE,TRY,TRADING,8,8
SCRTUSDT,SCRT,USDT,TRADING,8,8
API3BTC,API3,BTC,TRADING,8,8
API3USDT,API3,USDT,TRADING,8,8
BTTCUSDT,BTTC,USDT,TRADING,1,8
BTTCTRY,BTTC,TRY,TRADING,1,8
ACAUSDT,ACA,USDT,TRADING,8,8
XNOBTC,XNO,BTC,TRADING,8,8
XNOUSDT,XNO,USDT,TRADING,8,8
COSTRY,COS,TRY,TRADING,8,8
ONETRY,ONE,TRY,TRADING,8,8
WOOUSDT,WOO,USDT,TRADING,8,8
SPELLTRY,SPELL,TRY,TRADING,8,8
AXSTRY,AXS,TRY,TRADING,8,8
NEARTRY,NEAR,TRY,TRADING,8,8
ALPINETRY,ALPINE,TRY,TRADING,8,8
ALPINEUSDT,ALPINE,USDT,TRADING,8,8
TUSDT,T,USDT,TRADING,8,8
INJTRY,INJ,TRY,TRADING,8,8
ASTRUSDT,ASTR,USDT,TRADING,8,8
API3TRY,API3,TRY,TRADING,8,8
MBOXTRY,MBOX,TRY,TRADING,8,8
GMTBTC,GMT,BTC,TRADING,8,8
GMTUSDT,GMT,USDT,TRADING,8,8
ATOMEUR,ATOM,EUR,TRADING,8,8
GALAEUR,GALA,EUR,TRADING,8,8
UMATRY,UMA,TRY,TRADING,8,8
KDABTC,KDA,BTC,TRADING,8,8
KDAUSDT,KDA,USDT,TRADING,8,8
APEUSDT,APE,USDT,TRADING,8,8
APEBTC,APE,BTC,TRADING,8,8
NEAREUR,NEAR,EUR,TRADING,8,8
TWTTRY,TWT,TRY,TRADING,8,8
APETRY,APE,TRY,TRADING,8,8
JASMYTRY,JASMY,TRY,TRADING,8,8
BIFIUSDT,BIFI,USDT,TRADING,8,8
GMTEUR,GMT,EUR,TRADING,8,8
RUNEETH,RUNE,ETH,TRADING,8,8
FILTRY,FIL,TRY,TRADING,8,8
ZILTRY,ZIL,TRY,TRADING,8,8
GMTTRY,GMT,TRY,TRADING,8,8
ASTRBTC,ASTR,BTC,TRADING,8,8
STEEMUSDT,STEEM,USDT,TRADING,8,8
AUDIOTRY,AUDIO,TRY,TRADING,8,8
NEXOUSDT,NEXO,USDT,TRADING,8,8
NEXOBTC,NEXO,BTC,TRADING,8,8
REIUSDT,REI,USDT,TRADING,8,8
LDOUSDT,LDO,USDT,TRADING,8,8
LDOBTC,LDO,BTC,TRADING,8,8
ENSTRY,ENS,TRY,TRADING,8,8
ALGOTRY,ALGO,TRY,TRADING,8,8
OPBTC,OP,BTC,TRADING,8,8
OPUSDT,OP,USDT,TRADING,8,8
OPEUR,OP,EUR,TRADING,8,8
STORJTRY,STORJ,TRY,TRADING,8,8
OPETH,OP,ETH,TRADING,8,8
ETCTRY,ETC,TRY,TRADING,8,8
FILETH,FIL,ETH,TRADING,8,8
STGBTC,STG,BTC,TRADING,8,8
STGUSDT,STG,USDT,TRADING,8,8
ANKRTRY,ANKR,TRY,TRADING,8,8
LUNCUSDT,LUNC,USDT,TRADING,8,8
GMXUSDT,GMX,USDT,TRADING,8,8
POLYXBTC,POLYX,BTC,TRADING,8,8
POLYXUSDT,POLYX,USDT,TRADING,8,8
APTBTC,APT,BTC,TRADING,8,8
APTUSDT,APT,USDT,TRADING,8,8
BTCPLN,BTC,PLN,TRADING,8,8
ETHPLN,ETH,PLN,TRADING,8,8
APTEUR,APT,EUR,TRADING,8,8
APTTRY,APT,TRY,TRADING,8,8
OSMOUSDT,OSMO,USDT,TRADING,8,8
HFTBTC,HFT,BTC,TRADING,8,8
HFTUSDT,HFT,USDT,TRADING,8,8
PHBUSDT,PHB,USDT,TRADING,8,8
HOOKUSDT,HOOK,USDT,TRADING,8,8
MAGICBTC,MAGIC,BTC,TRADING,8,8
MAGICUSDT,MAGIC,USDT,TRADING,8,8
HIFIUSDT,HIFI,USDT,TRADING,8,8
RPLUSDT,RPL,USDT,TRADING,8,8
FETTRY,FET,TRY,TRADING,8,8
APTETH,APT,ETH,TRADING,8,8
BTCRON,BTC,RON,TRADING,8,8
GNSUSDT,GNS,USDT,TRADING,8,8
SYNUSDT,SYN,USDT,TRADING,8,8
SSVUSDT,SSV,USDT,TRADING,8,8
LQTYUSDT,LQTY,USDT,TRADING,8,8
CFXTRY,CFX,TRY,TRADING,8,8
STXTRY,STX,TRY,TRADING,8,8
USTCUSDT,USTC,USDT,TRADING,8,8
GASUSDT,GAS,USDT,TRADING,8,8
GLMUSDT,GLM,USDT,TRADING,8,8
PROMUSDT,PROM,USDT,TRADING,8,8
QKCUSDT,QKC,USDT,TRADING,8,8
IDBTC,ID,BTC,TRADING,8,8
IDUSDT,ID,USDT,TRADING,8,8
ARBBTC,ARB,BTC,TRADING,8,8
ARBUSDT,ARB,USDT,TRADING,8,8
ARBTUSD,ARB,TUSD,TRADING,8,8
ARBTRY,ARB,TRY,TRADING,8,8
ARBEUR,ARB,EUR,TRADING,8,8
IDTRY,ID,TRY,TRADING,8,8
SOLTUSD,SOL,TUSD,TRADING,8,8
RDNTUSDT,RDNT,USDT,TRADING,8,8
MAGICTRY,MAGIC,TRY,TRADING,8,8
USDTPLN,USDT,PLN,TRADING,8,8
ACHTRY,ACH,TRY,TRADING,8,8
XVSTRY,XVS,TRY,TRADING,8,8
EGLDRON,EGLD,RON,TRADING,8,8
USDTARS,USDT,ARS,TRADING,8,8
DOGETUSD,DOGE,TUSD,TRADING,8,8
WBTCUSDT,WBTC,USDT,TRADING,8,8
EDUUSDT,EDU,USDT,TRADING,8,8
EDUTRY,EDU,TRY,TRADING,8,8
SUIUSDT,SUI,USDT,TRADING,8,8
SUIBTC,SUI,BTC,TRADING,8,8
SUIBNB,SUI,BNB,TRADING,8,8
SUIEUR,SUI,EUR,TRADING,8,8
SUITRY,SUI,TRY,TRADING,8,8
PEPEUSDT,PEPE,USDT,TRADING,2,8
FLOKIUSDT,FLOKI,USDT,TRADING,2,8
OGTRY,OG,TRY,TRADING,8,8
PEPETRY,PEPE,TRY,TRADING,2,8
WBETHETH,WBETH,ETH,TRADING,8,8
FLOKITRY,FLOKI,TRY,TRADING,2,8
CITYTRY,CITY,TRY,TRADING,8,8
LTCTRY,LTC,TRY,TRADING,8,8
RADTRY,RAD,TRY,TRADING,8,8
BTCARS,BTC,ARS,TRADING,8,8
OPTRY,OP,TRY,TRADING,8,8
PAXGTRY,PAXG,TRY,TRADING,8,8
MAVBTC,MAV,BTC,TRADING,8,8
MAVUSDT,MAV,USDT,TRADING,8,8
PENDLEBTC,PENDLE,BTC,TRADING,8,8
PENDLEUSDT,PENDLE,USDT,TRADING,8,8
MAVTRY,MAV,TRY,TRADING,8,8
ARBETH,ARB,ETH,TRADING,8,8
BCHTRY,BCH,TRY,TRADING,8,8
XVGTRY,XVG,TRY,TRADING,8,8
ARKMUSDT,ARKM,USDT,TRADING,8,8
ARKMTRY,ARKM,TRY,TRADING,8,8
ARKMBNB,ARKM,BNB,TRADING,8,8
ARKMBTC,ARKM,BTC,TRADING,8,8
WBETHUSDT,WBETH,USDT,TRADING,8,8
ACATRY,ACA,TRY,TRADING,8,8
COMPTRY,COMP,TRY,TRADING,8,8
XECTRY,XEC,TRY,TRADING,2,8
WLDUSDT,WLD,USDT,TRADING,8,8
WLDBTC,WLD,BTC,TRADING,8,8
BNBFDUSD,BNB,FDUSD,TRADING,8,8
FDUSDUSDT,FDUSD,USDT,TRADING,8,8
WLDTRY,WLD,TRY,TRADING,8,8
AMPTRY,AMP,TRY,TRADING,8,8
OGNTRY,OGN,TRY,TRADING,8,8
BTCFDUSD,BTC,FDUSD,TRADING,8,8
ETHFDUSD,ETH,FDUSD,TRADING,8,8
ASRTRY,ASR,TRY,TRADING,8,8
ATMTRY,ATM,TRY,TRADING,8,8
BARTRY,BAR,TRY,TRADING,8,8
JUVTRY,JUV,TRY,TRADING,8,8
PSGTRY,PSG,TRY,TRADING,8,8
SEIBNB,SEI,BNB,TRADING,8,8
SEIBTC,SEI,BTC,TRADING,8,8
SEIFDUSD,SEI,FDUSD,TRADING,8,8
SEITRY,SEI,TRY,TRADING,8,8
SEIUSDT,SEI,USDT,TRADING,8,8
CYBERBNB,CYBER,BNB,TRADING,8,8
CYBERBTC,CYBER,BTC,TRADING,8,8
CYBERFDUSD,CYBER,FDUSD,TRADING,8,8
CYBERTRY,CYBER,TRY,TRADING,8,8
CYBERUSDT,CYBER,USDT,TRADING,8,8
LPTTRY,LPT,TRY,TRADING,8,8
UNITRY,UNI,TRY,TRADING,8,8
SOLFDUSD,SOL,FDUSD,TRADING,8,8
XRPFDUSD,XRP,FDUSD,TRADING,8,8
DOGEFDUSD,DOGE,FDUSD,TRADING,8,8
CYBERETH,CYBER,ETH,TRADING,8,8
ARKUSDT,ARK,USDT,TRADING,8,8
IQUSDT,IQ,USDT,TRADING,8,8
ARBFDUSD,ARB,FDUSD,TRADING,8,8
FDUSDTRY,FDUSD,TRY,TRADING,8,8
SUIFDUSD,SUI,FDUSD,TRADING,8,8
NTRNUSDT,NTRN,USDT,TRADING,8,8
NTRNBNB,NTRN,BNB,TRADING,8,8
FILFDUSD,FIL,FDUSD,TRADING,8,8
LTCFDUSD,LTC,FDUSD,TRADING,8,8
ADAFDUSD,ADA,FDUSD,TRADING,8,8
TRBTRY,TRB,TRY,TRADING,8,8
ATOMFDUSD,ATOM,FDUSD,TRADING,8,8
AVAXFDUSD,AVAX,FDUSD,TRADING,8,8
BCHFDUSD,BCH,FDUSD,TRADING,8,8
DOTFDUSD,DOT,FDUSD,TRADING,8,8
LINKFDUSD,LINK,FDUSD,TRADING,8,8
NEARFDUSD,NEAR,FDUSD,TRADING,8,8
STRAXTRY,STRAX,TRY,TRADING,8,8
TIABTC,TIA,BTC,TRADING,8,8
TIAUSDT,TIA,USDT,TRADING,8,8
TIATRY,TIA,TRY,TRADING,8,8
MEMEUSDT,MEME,USDT,TRADING,8,8
MEMEFDUSD,MEME,FDUSD,TRADING,8,8
MEMETRY,MEME,TRY,TRADING,8,8
ORDIBTC,ORDI,BTC,TRADING,8,8
ORDIUSDT,ORDI,USDT,TRADING,8,8
ORDITRY,ORDI,TRY,TRADING,8,8
EGLDFDUSD,EGLD,FDUSD,TRADING,8,8
FETFDUSD,FET,FDUSD,TRADING,8,8
INJETH,INJ,ETH,TRADING,8,8
OPFDUSD,OP,FDUSD,TRADING,8,8
ORDIFDUSD,ORDI,FDUSD,TRADING,8,8
BEAMXUSDT,BEAMX,USDT,TRADING,8,8
ARKTRY,ARK,TRY,TRADING,8,8
BEAMXTRY,BEAMX,TRY,TRADING,8,8
CAKETRY,CAKE,TRY,TRADING,8,8
DYDXFDUSD,DYDX,FDUSD,TRADING,8,8
PIVXUSDT,PIVX,USDT,TRADING,8,8
RUNEFDUSD,RUNE,FDUSD,TRADING,8,8
GALAFDUSD,GALA,FDUSD,TRADING,8,8
WLDFDUSD,WLD,FDUSD,TRADING,8,8
GASTRY,GAS,TRY,TRADING,8,8
NTRNTRY,NTRN,TRY,TRADING,8,8
VICUSDT,VIC,USDT,TRADING,8,8
VICTRY,VIC,TRY,TRADING,8,8
BLURUSDT,BLUR,USDT,TRADING,8,8
BLURTRY,BLUR,TRY,TRADING,8,8
USTCTRY,USTC,TRY,TRADING,8,8
DYDXTRY,DYDX,TRY,TRADING,8,8
VANRYUSDT,VANRY,USDT,TRADING,8,8
AEURUSDT,AEUR,USDT,TRADING,8,8
AUCTIONFDUSD,AUCTION,FDUSD,TRADING,8,8
LUNCTRY,LUNC,TRY,TRADING,8,8
SUPERTRY,SUPER,TRY,TRADING,8,8
JTOUSDT,JTO,USDT,TRADING,8,8
JTOFDUSD,JTO,FDUSD,TRADING,8,8
JTOTRY,JTO,TRY,TRADING,8,8
1000SATSUSDT,1000SATS,USDT,TRADING,2,8
1000SATSFDUSD,1000SATS,FDUSD,TRADING,2,8
1000SATSTRY,1000SATS,TRY,TRADING,2,8
SHIBFDUSD,SHIB,FDUSD,TRADING,2,8
SANDFDUSD,SAND,FDUSD,TRADING,8,8
IOTATRY,IOTA,TRY,TRADING,8,8
INJFDUSD,INJ,FDUSD,TRADING,8,8
FIDATRY,FIDA,TRY,TRADING,8,8
BONKUSDT,BONK,USDT,TRADING,2,8
BONKFDUSD,BONK,FDUSD,TRADING,2,8
BONKTRY,BONK,TRY,TRADING,2,8
ACEUSDT,ACE,USDT,TRADING,8,8
ACETRY,ACE,TRY,TRADING,8,8
RARETRY,RARE,TRY,TRADING,8,8
VANRYTRY,VANRY,TRY,TRADING,8,8
NFPBTC,NFP,BTC,TRADING,8,8
NFPUSDT,NFP,USDT,TRADING,8,8
NFPFDUSD,NFP,FDUSD,TRADING,8,8
NFPTRY,NFP,TRY,TRADING,8,8
ARBUSDC,ARB,USDC,TRADING,8,8
AVAXUSDC,AVAX,USDC,TRADING,8,8
DOTUSDC,DOT,USDC,TRADING,8,8
INJUSDC,INJ,USDC,TRADING,8,8
OPUSDC,OP,USDC,TRADING,8,8
ORDIUSDC,ORDI,USDC,TRADING,8,8
AIBTC,AI,BTC,TRADING,8,8
AIUSDT,AI,USDT,TRADING,8,8
AIBNB,AI,BNB,TRADING,8,8
AIFDUSD,AI,FDUSD,TRADING,8,8
AITRY,AI,TRY,TRADING,8,8
ICPFDUSD,ICP,FDUSD,TRADING,8,8
LDOFDUSD,LDO,FDUSD,TRADING,8,8
MOVRTRY,MOVR,TRY,TRADING,8,8
XAIUSDT,XAI,USDT,TRADING,8,8
XAITRY,XAI,TRY,TRADING,8,8
SKLTRY,SKL,TRY,TRADING,8,8
STXFDUSD,STX,FDUSD,TRADING,8,8
TIAFDUSD,TIA,FDUSD,TRADING,8,8
MANTABTC,MANTA,BTC,TRADING,8,8
MANTAUSDT,MANTA,USDT,TRADING,8,8
MANTAFDUSD,MANTA,FDUSD,TRADING,8,8
MANTATRY,MANTA,TRY,TRADING,8,8
ENSFDUSD,ENS,FDUSD,TRADING,8,8
ETCFDUSD,ETC,FDUSD,TRADING,8,8
SUIUSDC,SUI,USDC,TRADING,8,8
TIAUSDC,TIA,USDC,TRADING,8,8
MANTAUSDC,MANTA,USDC,TRADING,8,8
ALTBTC,ALT,BTC,TRADING,8,8
ALTUSDT,ALT,USDT,TRADING,8,8
ALTBNB,ALT,BNB,TRADING,8,8
ALTFDUSD,ALT,FDUSD,TRADING,8,8
ALTTRY,ALT,TRY,TRADING,8,8
APTFDUSD,APT,FDUSD,TRADING,8,8
BLURUSDC,BLUR,USDC,TRADING,8,8
JUPUSDT,JUP,USDT,TRADING,8,8
JUPFDUSD,JUP,FDUSD,TRADING,8,8
JUPTRY,JUP,TRY,TRADING,8,8
ALTUSDC,ALT,USDC,TRADING,8,8
SEIUSDC,SEI,USDC,TRADING,8,8
PYTHBTC,PYTH,BTC,TRADING,8,8
PYTHUSDT,PYTH,USDT,TRADING,8,8
PYTHFDUSD,PYTH,FDUSD,TRADING,8,8
PYTHTRY,PYTH,TRY,TRADING,8,8
RONINBTC,RONIN,BTC,TRADING,8,8
RONINUSDT,RONIN,USDT,TRADING,8,8
RONINFDUSD,RONIN,FDUSD,TRADING,8,8
RONINTRY,RONIN,TRY,TRADING,8,8
DYMUSDT,DYM,USDT,TRADING,8,8
DYMTRY,DYM,TRY,TRADING,8,8
JUPUSDC,JUP,USDC,TRADING,8,8
PENDLEFDUSD,PENDLE,FDUSD,TRADING,8,8
PIXELUSDT,PIXEL,USDT,TRADING,8,8
PIXELTRY,PIXEL,TRY,TRADING,8,8
STRKUSDT,STRK,USDT,TRADING,8,8
STRKFDUSD,STRK,FDUSD,TRADING,8,8
STRKTRY,STRK,TRY,TRADING,8,8
FILUSDC,FIL,USDC,TRADING,8,8
HBARTRY,HBAR,TRY,TRADING,8,8
PENDLETRY,PENDLE,TRY,TRADING,8,8
WLDUSDC,WLD,USDC,TRADING,8,8
CKBTRY,CKB,TRY,TRADING,8,8
COTITRY,COTI,TRY,TRADING,8,8
LDOTRY,LDO,TRY,TRADING,8,8
UNIUSDC,UNI,USDC,TRADING,8,8
PORTALBTC,PORTAL,BTC,TRADING,8,8
PORTALUSDT,PORTAL,USDT,TRADING,8,8
PORTALBNB,PORTAL,BNB,TRADING,8,8
PORTALFDUSD,PORTAL,FDUSD,TRADING,8,8
PORTALTRY,PORTAL,TRY,TRADING,8,8
AXLBTC,AXL,BTC,TRADING,8,8
AXLUSDT,AXL,USDT,TRADING,8,8
AXLTRY,AXL,TRY,TRADING,8,8
PEPEFDUSD,PEPE,FDUSD,TRADING,2,8
PIXELUSDC,PIXEL,USDC,TRADING,8,8
STRKUSDC,STRK,USDC,TRADING,8,8
UNIFDUSD,UNI,FDUSD,TRADING,8,8
OMTRY,OM,TRY,TRADING,8,8
THETATRY,THETA,TRY,TRADING,8,8
WIFBTC,WIF,BTC,TRADING,8,8
WIFUSDT,WIF,USDT,TRADING,8,8
WIFFDUSD,WIF,FDUSD,TRADING,8,8
WIFTRY,WIF,TRY,TRADING,8,8
PEPEUSDC,PEPE,USDC,TRADING,2,8
SHIBUSDC,SHIB,USDC,TRADING,2,8
ARTRY,AR,TRY,TRADING,8,8
METISUSDT,METIS,USDT,TRADING,8,8
METISTRY,METIS,TRY,TRADING,8,8
BNBJPY,BNB,JPY,TRADING,8,8
BTCJPY,BTC,JPY,TRADING,8,8
ETHJPY,ETH,JPY,TRADING,8,8
FLOKIFDUSD,FLOKI,FDUSD,TRADING,2,8
GRTFDUSD,GRT,FDUSD,TRADING,8,8
NEARUSDC,NEAR,USDC,TRADING,8,8
SNXTRY,SNX,TRY,TRADING,8,8
AEVOBTC,AEVO,BTC,TRADING,8,8
AEVOUSDT,AEVO,USDT,TRADING,8,8
AEVOFDUSD,AEVO,FDUSD,TRADING,8,8
AEVOTRY,AEVO,TRY,TRADING,8,8
FETUSDC,FET,USDC,TRADING,8,8
EURUSDC,EUR,USDC,TRADING,8,8
BOMETRY,BOME,TRY,TRADING,2,8
BOMEUSDT,BOME,USDT,TRADING,2,8
BOMEFDUSD,BOME,FDUSD,TRADING,2,8
ETHFIUSDT,ETHFI,USDT,TRADING,8,8
ETHFIFDUSD,ETHFI,FDUSD,TRADING,8,8
ETHFITRY,ETHFI,TRY,TRADING,8,8
AAVETRY,AAVE,TRY,TRADING,8,8
ARKMFDUSD,ARKM,FDUSD,TRADING,8,8
CRVTRY,CRV,TRY,TRADING,8,8
RAYFDUSD,RAY,FDUSD,TRADING,8,8
BONKUSDC,BONK,USDC,TRADING,2,8
FLOKIUSDC,FLOKI,USDC,TRADING,2,8
MKRTRY,MKR,TRY,TRADING,8,8
RAYTRY,RAY,TRY,TRADING,8,8
ENABTC,ENA,BTC,TRADING,8,8
ENAUSDT,ENA,USDT,TRADING,8,8
ENABNB,ENA,BNB,TRADING,8,8
ENAFDUSD,ENA,FDUSD,TRADING,8,8
ENATRY,ENA,TRY,TRADING,8,8
MASKTRY,MASK,TRY,TRADING,8,8
PENDLEUSDC,PENDLE,USDC,TRADING,8,8
RDNTTRY,RDNT,TRY,TRADING,8,8
WBTC,W,BTC,TRADING,8,8
WUSDT,W,USDT,TRADING,8,8
WFDUSD,W,FDUSD,TRADING,8,8
WTRY,W,TRY,TRADING,8,8
BOMEUSDC,BOME,USDC,TRADING,2,8
JTOUSDC,JTO,USDC,TRADING,8,8
WIFUSDC,WIF,USDC,TRADING,8,8
TNSRUSDT,TNSR,USDT,TRADING,8,8
TNSRTRY,TNSR,TRY,TRADING,8,8
SAGABTC,SAGA,BTC,TRADING,8,8
SAGAUSDT,SAGA,USDT,TRADING,8,8
SAGABNB,SAGA,BNB,TRADING,8,8
SAGAFDUSD,SAGA,FDUSD,TRADING,8,8
SAGATRY,SAGA,TRY,TRADING,8,8
USDTMXN,USDT,MXN,TRADING,8,8
CKBUSDC,CKB,USDC,TRADING,8,8
ENAUSDC,ENA,USDC,TRADING,8,8
ETHFIUSDC,ETHFI,USDC,TRADING,8,8
YGGUSDC,YGG,USDC,TRADING,8,8
TAOBTC,TAO,BTC,TRADING,8,8
TAOUSDT,TAO,USDT,TRADING,8,8
TAOFDUSD,TAO,FDUSD,TRADING,8,8
TAOTRY,TAO,TRY,TRADING,8,8
CFXUSDC,CFX,USDC,TRADING,8,8
RUNEUSDC,RUNE,USDC,TRADING,8,8
SAGAUSDC,SAGA,USDC,TRADING,8,8
POLYXTRY,POLYX,TRY,TRADING,8,8
OMNIBTC,OMNI,BTC,TRADING,8,8
OMNIUSDT,OMNI,USDT,TRADING,8,8
OMNIFDUSD,OMNI,FDUSD,TRADING,8,8
OMNITRY,OMNI,TRY,TRADING,8,8
APTUSDC,APT,USDC,TRADING,8,8
GALAUSDC,GALA,USDC,TRADING,8,8
STXUSDC,STX,USDC,TRADING,8,8
ICPUSDC,ICP,USDC,TRADING,8,8
OMNIUSDC,OMNI,USDC,TRADING,8,8
PEPEBRL,PEPE,BRL,TRADING,2,8
YGGTRY,YGG,TRY,TRADING,8,8
ADAJPY,ADA,JPY,TRADING,8,8
SHIBJPY,SHIB,JPY,TRADING,2,8
SOLJPY,SOL,JPY,TRADING,8,8
XRPJPY,XRP,JPY,TRADING,8,8
REZUSDT,REZ,USDT,TRADING,8,8
REZTRY,REZ,TRY,TRADING,8,8
EGLDTRY,EGLD,TRY,TRADING,8,8
PHBTRY,PHB,TRY,TRADING,8,8
RSRTRY,RSR,TRY,TRADING,8,8
BBBTC,BB,BTC,TRADING,8,8
BBUSDT,BB,USDT,TRADING,8,8
BBBNB,BB,BNB,TRADING,8,8
BBFDUSD,BB,FDUSD,TRADING,8,8
BBTRY,BB,TRY,TRADING,8,8
PEOPLETRY,PEOPLE,TRY,TRADING,8,8
TRBUSDC,TRB,USDC,TRADING,8,8
NOTUSDT,NOT,USDT,TRADING,2,8
NOTFDUSD,NOT,FDUSD,TRADING,2,8
NOTTRY,NOT,TRY,TRADING,2,8
ARKMUSDC,ARKM,USDC,TRADING,8,8
ARUSDC,AR,USDC,TRADING,8,8
BBUSDC,BB,USDC,TRADING,8,8
CRVUSDC,CRV,USDC,TRADING,8,8
PEOPLEUSDC,PEOPLE,USDC,TRADING,8,8
ARFDUSD,AR,FDUSD,TRADING,8,8
PEPEEUR,PEPE,EUR,TRADING,2,8
REZUSDC,REZ,USDC,TRADING,8,8
USDCTRY,USDC,TRY,TRADING,8,8
BTCMXN,BTC,MXN,TRADING,8,8
XRPMXN,XRP,MXN,TRADING,8,8
ENSUSDC,ENS,USDC,TRADING,8,8
LDOUSDC,LDO,USDC,TRADING,8,8
NOTUSDC,NOT,USDC,TRADING,2,8
NEARBRL,NEAR,BRL,TRADING,8,8
HIGHTRY,HIGH,TRY,TRADING,8,8
PEOPLEFDUSD,PEOPLE,FDUSD,TRADING,8,8
TNSRUSDC,TNSR,USDC,TRADING,8,8
USDTCOP,USDT,COP,TRADING,8,8
IOBTC,IO,BTC,TRADING,8,8
IOUSDT,IO,USDT,TRADING,8,8
IOBNB,IO,BNB,TRADING,8,8
IOFDUSD,IO,FDUSD,TRADING,8,8
IOTRY,IO,TRY,TRADING,8,8
TRUTRY,TRU,TRY,TRADING,8,8
WIFEUR,WIF,EUR,TRADING,8,8
ZKBTC,ZK,BTC,TRADING,8,8
ZKUSDT,ZK,USDT,TRADING,8,8
ZKFDUSD,ZK,FDUSD,TRADING,8,8
ZKTRY,ZK,TRY,TRADING,8,8
LISTAUSDT,LISTA,USDT,TRADING,8,8
LISTABNB,LISTA,BNB,TRADING,8,8
LISTAFDUSD,LISTA,FDUSD,TRADING,8,8
LISTATRY,LISTA,TRY,TRADING,8,8
ZROBTC,ZRO,BTC,TRADING,8,8
ZROUSDT,ZRO,USDT,TRADING,8,8
ZROFDUSD,ZRO,FDUSD,TRADING,8,8
ZROTRY,ZRO,TRY,TRADING,8,8
BAKETRY,BAKE,TRY,TRADING,8,8
WIFBRL,WIF,BRL,TRADING,8,8
ZKUSDC,ZK,USDC,TRADING,8,8
ZROUSDC,ZRO,USDC,TRADING,8,8
IOUSDC,IO,USDC,TRADING,8,8
1000SATSUSDC,1000SATS,USDC,TRADING,2,8
ETHARS,ETH,ARS,TRADING,8,8
GUSDT,G,USDT,TRADING,8,8
GTRY,G,TRY,TRADING,8,8
BANANABTC,BANANA,BTC,TRADING,8,8
BANANAUSDT,BANANA,USDT,TRADING,8,8
BANANABNB,BANANA,BNB,TRADING,8,8
BANANAFDUSD,BANANA,FDUSD,TRADING,8,8
BANANATRY,BANANA,TRY,TRADING,8,8
RENDERBTC,RENDER,BTC,TRADING,8,8
RENDERUSDT,RENDER,USDT,TRADING,8,8
RENDERFDUSD,RENDER,FDUSD,TRADING,8,8
RENDERUSDC,RENDER,USDC,TRADING,8,8
RENDERTRY,RENDER,TRY,TRADING,8,8
RENDEREUR,RENDER,EUR,TRADING,8,8
RENDERBRL,RENDER,BRL,TRADING,8,8
TONBTC,TON,BTC,TRADING,8,8
TONUSDT,TON,USDT,TRADING,8,8
TONFDUSD,TON,FDUSD,TRADING,8,8
TONTRY,TON,TRY,TRADING,8,8
BONKBRL,BONK,BRL,TRADING,2,8
DOGEJPY,DOGE,JPY,TRADING,8,8
NEARJPY,NEAR,JPY,TRADING,8,8
TONUSDC,TON,USDC,TRADING,8,8
AAVEFDUSD,AAVE,FDUSD,TRADING,8,8
DOGSUSDT,DOGS,USDT,TRADING,2,8
DOGSFDUSD,DOGS,FDUSD,TRADING,2,8
DOGSTRY,DOGS,TRY,TRADING,2,8
EUREURI,EUR,EURI,TRADING,8,8
EURIUSDT,EURI,USDT,TRADING,8,8
DOGSUSDC,DOGS,USDC,TRADING,2,8
RAREUSDC,RARE,USDC,TRADING,8,8
SLFBTC,SLF,BTC,TRADING,8,8
SLFTRY,SLF,TRY,TRADING,8,8
SLFUSDC,SLF,USDC,TRADING,8,8
SLFUSDT,SLF,USDT,TRADING,8,8
AAVEUSDC,AAVE,USDC,TRADING,8,8
SUNTRY,SUN,TRY,TRADING,8,8
POLBNB,POL,BNB,TRADING,8,8
POLBRL,POL,BRL,TRADING,8,8
POLBTC,POL,BTC,TRADING,8,8
POLETH,POL,ETH,TRADING,8,8
POLEUR,POL,EUR,TRADING,8,8
POLFDUSD,POL,FDUSD,TRADING,8,8
POLJPY,POL,JPY,TRADING,8,8
POLTRY,POL,TRY,TRADING,8,8
POLUSDC,POL,USDC,TRADING,8,8
POLUSDT,POL,USDT,TRADING,8,8
NEIROUSDT,NEIRO,USDT,TRADING,2,8
TURBOUSDT,TURBO,USDT,TRADING,8,8
1MBABYDOGEUSDT,1MBABYDOGE,USDT,TRADING,2,8
CATIUSDT,CATI,USDT,TRADING,8,8
CATITRY,CATI,TRY,TRADING,8,8
1MBABYDOGEFDUSD,1MBABYDOGE,FDUSD,TRADING,2,8
1MBABYDOGETRY,1MBABYDOGE,TRY,TRADING,2,8
BTCEURI,BTC,EURI,TRADING,8,8
NEIROFDUSD,NEIRO,FDUSD,TRADING,2,8
NEIROTRY,NEIRO,TRY,TRADING,2,8
HMSTRUSDT,HMSTR,USDT,TRADING,2,8
HMSTRFDUSD,HMSTR,FDUSD,TRADING,2,8
HMSTRTRY,HMSTR,TRY,TRADING,2,8
EIGENBTC,EIGEN,BTC,TRADING,8,8
EIGENUSDT,EIGEN,USDT,TRADING,8,8
EIGENFDUSD,EIGEN,FDUSD,TRADING,8,8
EIGENTRY,EIGEN,TRY,TRADING,8,8
BNSOLSOL,BNSOL,SOL,TRADING,8,8
SCRUSDT,SCR,USDT,TRADING,8,8
SUIBRL,SUI,BRL,TRADING,8,8
TURBOTRY,TURBO,TRY,TRADING,8,8
BNSOLUSDT,BNSOL,USDT,TRADING,8,8
LUMIAUSDT,LUMIA,USDT,TRADING,8,8
SCRBTC,SCR,BTC,TRADING,8,8
SCRFDUSD,SCR,FDUSD,TRADING,8,8
SCRTRY,SCR,TRY,TRADING,8,8
KAIAUSDT,KAIA,USDT,TRADING,8,8
COWUSDT,COW,USDT,TRADING,8,8
CETUSUSDT,CETUS,USDT,TRADING,8,8
PNUTUSDT,PNUT,USDT,TRADING,8,8
ACTUSDT,ACT,USDT,TRADING,8,8
ACTTRY,ACT,TRY,TRADING,8,8
COWTRY,COW,TRY,TRADING,8,8
CETUSTRY,CETUS,TRY,TRADING,8,8
PNUTTRY,PNUT,TRY,TRADING,8,8
ACTFDUSD,ACT,FDUSD,TRADING,8,8
ACTUSDC,ACT,USDC,TRADING,8,8
NEIROUSDC,NEIRO,USDC,TRADING,2,8
PNUTBTC,PNUT,BTC,TRADING,8,8
PNUTFDUSD,PNUT,FDUSD,TRADING,8,8
PNUTUSDC,PNUT,USDC,TRADING,8,8
USUALUSDT,USUAL,USDT,TRADING,8,8
CATIUSDC,CATI,USDC,TRADING,8,8
ETHEURI,ETH,EURI,TRADING,8,8
LUMIATRY,LUMIA,TRY,TRADING,8,8
PNUTBRL,PNUT,BRL,TRADING,8,8
PNUTEUR,PNUT,EUR,TRADING,8,8
APEFDUSD,APE,FDUSD,TRADING,8,8
FDUSDUSDC,FDUSD,USDC,TRADING,8,8
HBARUSDC,HBAR,USDC,TRADING,8,8
OMUSDC,OM,USDC,TRADING,8,8
RAYUSDC,RAY,USDC,TRADING,8,8
TAOUSDC,TAO,USDC,TRADING,8,8
THEFDUSD,THE,FDUSD,TRADING,8,8
THETRY,THE,TRY,TRADING,8,8
THEUSDT,THE,USDT,TRADING,8,8
APEUSDC,APE,USDC,TRADING,8,8
BOMEEUR,BOME,EUR,TRADING,2,8
EIGENUSDC,EIGEN,USDC,TRADING,8,8
HBARFDUSD,HBAR,FDUSD,TRADING,8,8
MEMEUSDC,MEME,USDC,TRADING,8,8
WLDEUR,WLD,EUR,TRADING,8,8
1MBABYDOGEUSDC,1MBABYDOGE,USDC,TRADING,2,8
CETUSUSDC,CETUS,USDC,TRADING,8,8
COWUSDC,COW,USDC,TRADING,8,8
DYDXUSDC,DYDX,USDC,TRADING,8,8
HMSTRUSDC,HMSTR,USDC,TRADING,2,8
TURBOUSDC,TURBO,USDC,TRADING,8,8
ENABRL,ENA,BRL,TRADING,8,8
KAIAUSDC,KAIA,USDC,TRADING,8,8
SANDUSDC,SAND,USDC,TRADING,8,8
XLMFDUSD,XLM,FDUSD,TRADING,8,8
CHZUSDC,CHZ,USDC,TRADING,8,8
PYTHUSDC,PYTH,USDC,TRADING,8,8
RSRUSDC,RSR,USDC,TRADING,8,8
WUSDC,W,USDC,TRADING,8,8
XTZUSDC,XTZ,USDC,TRADING,8,8
ACXUSDT,ACX,USDT,TRADING,8,8
ORCAUSDT,ORCA,USDT,TRADING,8,8
MOVEBTC,MOVE,BTC,TRADING,8,8
MOVEUSDT,MOVE,USDT,TRADING,8,8
MOVEBNB,MOVE,BNB,TRADING,8,8
MOVEFDUSD,MOVE,FDUSD,TRADING,8,8
MOVETRY,MOVE,TRY,TRADING,8,8
MEBTC,ME,BTC,TRADING,8,8
MEUSDT,ME,USDT,TRADING,8,8
MEFDUSD,ME,FDUSD,TRADING,8,8
METRY,ME,TRY,TRADING,8,8
ACXUSDC,ACX,USDC,TRADING,8,8
ORCAUSDC,ORCA,USDC,TRADING,8,8
ACXTRY,ACX,TRY,TRADING,8,8
ORCATRY,ORCA,TRY,TRADING,8,8
KSMTRY,KSM,TRY,TRADING,8,8
CELOTRY,CELO,TRY,TRADING,8,8
HIVEUSDC,HIVE,USDC,TRADING,8,8
IDEXUSDC,IDEX,USDC,TRADING,8,8
TLMUSDC,TLM,USDC,TRADING,8,8
VELODROMEUSDT,VELODROME,USDT,TRADING,8,8
VANAUSDT,VANA,USDT,TRADING,8,8
VANAFDUSD,VANA,FDUSD,TRADING,8,8
VANATRY,VANA,TRY,TRADING,8,8
1000CATUSDT,1000CAT,USDT,TRADING,8,8
1000CATBNB,1000CAT,BNB,TRADING,8,8
1000CATFDUSD,1000CAT,FDUSD,TRADING,8,8
1000CATTRY,1000CAT,TRY,TRADING,8,8
PENGUUSDT,PENGU,USDT,TRADING,8,8
PENGUFDUSD,PENGU,FDUSD,TRADING,8,8
PENGUTRY,PENGU,TRY,TRADING,8,8
USUALBTC,USUAL,BTC,TRADING,8,8
USUALFDUSD,USUAL,FDUSD,TRADING,8,8
USUALTRY,USUAL,TRY,TRADING,8,8
1000CATUSDC,1000CAT,USDC,TRADING,8,8
PENGUUSDC,PENGU,USDC,TRADING,8,8
BIOUSDT,BIO,USDT,TRADING,8,8
BIOBNB,BIO,BNB,TRADING,8,8
BIOFDUSD,BIO,FDUSD,TRADING,8,8
BIOTRY,BIO,TRY,TRADING,8,8
BIOUSDC,BIO,USDC,TRADING,8,8
HIVETRY,HIVE,TRY,TRADING,8,8
MOVEUSDC,MOVE,USDC,TRADING,8,8
PHATRY,PHA,TRY,TRADING,8,8
SUSHITRY,SUSHI,TRY,TRADING,8,8
DUSDT,D,USDT,TRADING,8,8
DTRY,D,TRY,TRADING,8,8
APTJPY,APT,JPY,TRADING,8,8
SUIJPY,SUI,JPY,TRADING,8,8
XLMJPY,XLM,JPY,TRADING,8,8
PEPEJPY,PEPE,JPY,TRADING,2,8
PHAUSDC,PHA,USDC,TRADING,8,8
USDCPLN,USDC,PLN,TRADING,8,8
STEEMUSDC,STEEM,USDC,TRADING,8,8
USUALUSDC,USUAL,USDC,TRADING,8,8
AIXBTUSDT,AIXBT,USDT,TRADING,8,8
AIXBTUSDC,AIXBT,USDC,TRADING,8,8
CGPTUSDT,CGPT,USDT,TRADING,8,8
CGPTUSDC,CGPT,USDC,TRADING,8,8
COOKIEUSDT,COOKIE,USDT,TRADING,8,8
COOKIEUSDC,COOKIE,USDC,TRADING,8,8
SBTC,S,BTC,TRADING,8,8
SBNB,S,BNB,TRADING,8,8
SETH,S,ETH,TRADING,8,8
SEUR,S,EUR,TRADING,8,8
SFDUSD,S,FDUSD,TRADING,8,8
STRY,S,TRY,TRADING,8,8
SUSDC,S,USDC,TRADING,8,8
SUSDT,S,USDT,TRADING,8,8
IOTXJPY,IOTX,JPY,TRADING,8,8
SEIJPY,SEI,JPY,TRADING,8,8
SOLVUSDT,SOLV,USDT,TRADING,8,8
SOLVBNB,SOLV,BNB,TRADING,8,8
SOLVFDUSD,SOLV,FDUSD,TRADING,8,8
SOLVTRY,SOLV,TRY,TRADING,8,8
TRUMPUSDT,TRUMP,USDT,TRADING,8,8
TRUMPUSDC,TRUMP,USDC,TRADING,8,8
AIXBTTRY,AIXBT,TRY,TRADING,8,8
TRUMPTRY,TRUMP,TRY,TRADING,8,8
ANIMEUSDT,ANIME,USDT,TRADING,8,8
ANIMEUSDC,ANIME,USDC,TRADING,8,8
ANIMEFDUSD,ANIME,FDUSD,TRADING,8,8
ANIMETRY,ANIME,TRY,TRADING,8,8
BERABTC,BERA,BTC,TRADING,8,8
BERAUSDT,BERA,USDT,TRADING,8,8
BERAUSDC,BERA,USDC,TRADING,8,8
BERAFDUSD,BERA,FDUSD,TRADING,8,8
BERABNB,BERA,BNB,TRADING,8,8
BERATRY,BERA,TRY,TRADING,8,8
1000CHEEMSUSDT,1000CHEEMS,USDT,TRADING,2,8
1000CHEEMSUSDC,1000CHEEMS,USDC,TRADING,2,8
TSTUSDT,TST,USDT,TRADING,8,8
TSTUSDC,TST,USDC,TRADING,8,8
LAYERBTC,LAYER,BTC,TRADING,8,8
LAYERUSDT,LAYER,USDT,TRADING,8,8
LAYERUSDC,LAYER,USDC,TRADING,8,8
LAYERBNB,LAYER,BNB,TRADING,8,8
LAYERFDUSD,LAYER,FDUSD,TRADING,8,8
LAYERTRY,LAYER,TRY,TRADING,8,8
QTUMTRY,QTUM,TRY,TRADING,8,8
TRUMPEUR,TRUMP,EUR,TRADING,8,8
VTHOTRY,VTHO,TRY,TRADING,8,8
HEIBTC,HEI,BTC,TRADING,8,8
HEIUSDT,HEI,USDT,TRADING,8,8
CAKEUSDC,CAKE,USDC,TRADING,8,8
HEIUSDC,HEI,USDC,TRADING,8,8
TRUMPFDUSD,TRUMP,FDUSD,TRADING,8,8
LTCJPY,LTC,JPY,TRADING,8,8
BCHJPY,BCH,JPY,TRADING,8,8
LINKJPY,LINK,JPY,TRADING,8,8
KAITOBTC,KAITO,BTC,TRADING,8,8
KAITOUSDT,KAITO,USDT,TRADING,8,8
KAITOUSDC,KAITO,USDC,TRADING,8,8
KAITOFDUSD,KAITO,FDUSD,TRADING,8,8
KAITOTRY,KAITO,TRY,TRADING,8,8
ETHMXN,ETH,MXN,TRADING,8,8
SOLMXN,SOL,MXN,TRADING,8,8
BNBARS,BNB,ARS,TRADING,8,8
SOLARS,SOL,ARS,TRADING,8,8
TRUMPBRL,TRUMP,BRL,TRADING,8,8
TRXFDUSD,TRX,FDUSD,TRADING,8,8
TSTTRY,TST,TRY,TRADING,8,8
SHELLBTC,SHELL,BTC,TRADING,8,8
SHELLUSDT,SHELL,USDT,TRADING,8,8
SHELLUSDC,SHELL,USDC,TRADING,8,8
SHELLBNB,SHELL,BNB,TRADING,8,8
SHELLFDUSD,SHELL,FDUSD,TRADING,8,8
SHELLTRY,SHELL,TRY,TRADING,8,8
REDUSDT,RED,USDT,TRADING,8,8
GPSUSDT,GPS,USDT,TRADING,8,8
GPSUSDC,GPS,USDC,TRADING,8,8
GPSTRY,GPS,TRY,TRADING,8,8
GPSBNB,GPS,BNB,TRADING,8,8
REDBTC,RED,BTC,TRADING,8,8
REDUSDC,RED,USDC,TRADING,8,8
REDFDUSD,RED,FDUSD,TRADING,8,8
REDTRY,RED,TRY,TRADING,8,8
CHESSUSDC,CHESS,USDC,TRADING,8,8
EGLDUSDC,EGLD,USDC,TRADING,8,8
OSMOUSDC,OSMO,USDC,TRADING,8,8
UTKUSDC,UTK,USDC,TRADING,8,8
TUSDC,T,USDC,TRADING,8,8
CVCUSDC,CVC,USDC,TRADING,8,8
EURIUSDC,EURI,USDC,TRADING,8,8
SYNUSDC,SYN,USDC,TRADING,8,8
USDCRON,USDC,RON,TRADING,8,8
VELODROMEUSDC,VELODROME,USDC,TRADING,8,8
EPICUSDT,EPIC,USDT,TRADING,8,8
DFUSDC,DF,USDC,TRADING,8,8
EPICUSDC,EPIC,USDC,TRADING,8,8
GMXUSDC,GMX,USDC,TRADING,8,8
MKRUSDC,MKR,USDC,TRADING,8,8
RPLUSDC,RPL,USDC,TRADING,8,8
BMTUSDT,BMT,USDT,TRADING,8,8
BMTUSDC,BMT,USDC,TRADING,8,8
BMTBNB,BMT,BNB,TRADING,8,8
BMTFDUSD,BMT,FDUSD,TRADING,8,8
BMTTRY,BMT,TRY,TRADING,8,8
FORMUSDC,FORM,USDC,TRADING,8,8
FORMUSDT,FORM,USDT,TRADING,8,8
FORMTRY,FORM,TRY,TRADING,8,8
XUSDUSDT,XUSD,USDT,TRADING,8,8
IOTAUSDC,IOTA,USDC,TRADING,8,8
JUVUSDC,JUV,USDC,TRADING,8,8
THEUSDC,THE,USDC,TRADING,8,8
VANRYUSDC,VANRY,USDC,TRADING,8,8
USDCCZK,USDC,CZK,TRADING,8,8
NILUSDT,NIL,USDT,TRADING,8,8
NILBNB,NIL,BNB,TRADING,8,8
NILFDUSD,NIL,FDUSD,TRADING,8,8
NILUSDC,NIL,USDC,TRADING,8,8
NILTRY,NIL,TRY,TRADING,8,8
BEAMXUSDC,BEAMX,USDC,TRADING,8,8
VANAUSDC,VANA,USDC,TRADING,8,8
PARTIFDUSD,PARTI,FDUSD,TRADING,8,8
PARTITRY,PARTI,TRY,TRADING,8,8
PARTIUSDT,PARTI,USDT,TRADING,8,8
PARTIUSDC,PARTI,USDC,TRADING,8,8
PARTIBNB,PARTI,BNB,TRADING,8,8
MUBARAKUSDT,MUBARAK,USDT,TRADING,8,8
MUBARAKUSDC,MUBARAK,USDC,TRADING,8,8
TUTUSDT,TUT,USDT,TRADING,8,8
BROCCOLI714USDT,BROCCOLI714,USDT,TRADING,8,8
TUTUSDC,TUT,USDC,TRADING,8,8
BANANAS31USDT,BANANAS31,USDT,TRADING,8,8
BANANAS31USDC,BANANAS31,USDC,TRADING,8,8
BROCCOLI714USDC,BROCCOLI714,USDC,TRADING,8,8
GUNUSDT,GUN,USDT,TRADING,8,8
GUNBNB,GUN,BNB,TRADING,8,8
GUNFDUSD,GUN,FDUSD,TRADING,8,8
GUNTRY,GUN,TRY,TRADING,8,8
THETAUSDC,THETA,USDC,TRADING,8,8
API3USDC,API3,USDC,TRADING,8,8
AUCTIONTRY,AUCTION,TRY,TRADING,8,8
AUCTIONUSDC,AUCTION,USDC,TRADING,8,8
BANANAUSDC,BANANA,USDC,TRADING,8,8
GUNUSDC,GUN,USDC,TRADING,8,8
QNTUSDC,QNT,USDC,TRADING,8,8
VETUSDC,VET,USDC,TRADING,8,8
ZENUSDC,ZEN,USDC,TRADING,8,8
BABYUSDT,BABY,USDT,TRADING,8,8
BABYUSDC,BABY,USDC,TRADING,8,8
BABYBNB,BABY,BNB,TRADING,8,8
BABYFDUSD,BABY,FDUSD,TRADING,8,8
BABYTRY,BABY,TRY,TRADING,8,8
ONDOUSDT,ONDO,USDT,TRADING,8,8
ONDOUSDC,ONDO,USDC,TRADING,8,8
BIGTIMEUSDT,BIGTIME,USDT,TRADING,8,8
BIGTIMEUSDC,BIGTIME,USDC,TRADING,8,8
VIRTUALUSDT,VIRTUAL,USDT,TRADING,8,8
VIRTUALUSDC,VIRTUAL,USDC,TRADING,8,8
KERNELBNB,KERNEL,BNB,TRADING,8,8
KERNELFDUSD,KERNEL,FDUSD,TRADING,8,8
KERNELTRY,KERNEL,TRY,TRADING,8,8
KERNELUSDC,KERNEL,USDC,TRADING,8,8
KERNELUSDT,KERNEL,USDT,TRADING,8,8
WCTTRY,WCT,TRY,TRADING,8,8
WCTFDUSD,WCT,FDUSD,TRADING,8,8
WCTBNB,WCT,BNB,TRADING,8,8
WCTUSDC,WCT,USDC,TRADING,8,8
WCTUSDT,WCT,USDT,TRADING,8,8
PAXGUSDC,PAXG,USDC,TRADING,8,8
ONDOTRY,ONDO,TRY,TRADING,8,8
BABYEUR,BABY,EUR,TRADING,8,8
ACHUSDC,ACH,USDC,TRADING,8,8
GMTUSDC,GMT,USDC,TRADING,8,8
HYPERUSDT,HYPER,USDT,TRADING,8,8
HYPERUSDC,HYPER,USDC,TRADING,8,8
HYPERBNB,HYPER,BNB,TRADING,8,8
HYPERFDUSD,HYPER,FDUSD,TRADING,8,8
HYPERTRY,HYPER,TRY,TRADING,8,8
INITUSDT,INIT,USDT,TRADING,8,8
INITUSDC,INIT,USDC,TRADING,8,8
INITBNB,INIT,BNB,TRADING,8,8
INITFDUSD,INIT,FDUSD,TRADING,8,8
INITTRY,INIT,TRY,TRADING,8,8
SIGNUSDT,SIGN,USDT,TRADING,8,8
SIGNUSDC,SIGN,USDC,TRADING,8,8
SIGNBNB,SIGN,BNB,TRADING,8,8
SIGNFDUSD,SIGN,FDUSD,TRADING,8,8
SIGNTRY,SIGN,TRY,TRADING,8,8
STOUSDT,STO,USDT,TRADING,8,8
STOUSDC,STO,USDC,TRADING,8,8
STOBNB,STO,BNB,TRADING,8,8
STOFDUSD,STO,FDUSD,TRADING,8,8
STOTRY,STO,TRY,TRADING,8,8
ENJUSDC,ENJ,USDC,TRADING,8,8
VIRTUALTRY,VIRTUAL,TRY,TRADING,8,8
SYRUPUSDT,SYRUP,USDT,TRADING,8,8
SYRUPUSDC,SYRUP,USDC,TRADING,8,8
KMNOUSDT,KMNO,USDT,TRADING,8,8
KMNOUSDC,KMNO,USDC,TRADING,8,8
SXTUSDT,SXT,USDT,TRADING,8,8
SXTUSDC,SXT,USDC,TRADING,8,8
SXTBNB,SXT,BNB,TRADING,8,8
SXTFDUSD,SXT,FDUSD,TRADING,8,8
SXTTRY,SXT,TRY,TRADING,8,8
PUNDIXUSDC,PUNDIX,USDC,TRADING,8,8
SYRUPTRY,SYRUP,TRY,TRADING,8,8
NXPCUSDT,NXPC,USDT,TRADING,8,8
NXPCUSDC,NXPC,USDC,TRADING,8,8
NXPCBNB,NXPC,BNB,TRADING,8,8
NXPCFDUSD,NXPC,FDUSD,TRADING,8,8
NXPCTRY,NXPC,TRY,TRADING,8,8
AWEBTC,AWE,BTC,TRADING,8,8
AWEUSDT,AWE,USDT,TRADING,8,8
HAEDALUSDT,HAEDAL,USDT,TRADING,8,8
HAEDALUSDC,HAEDAL,USDC,TRADING,8,8
HAEDALBNB,HAEDAL,BNB,TRADING,8,8
HAEDALFDUSD,HAEDAL,FDUSD,TRADING,8,8
HAEDALTRY,HAEDAL,TRY,TRADING,8,8
USD1USDT,USD1,USDT,TRADING,8,8
HUMAUSDT,HUMA,USDT,TRADING,8,8
HUMAUSDC,HUMA,USDC,TRADING,8,8
HUMABNB,HUMA,BNB,TRADING,8,8
HUMAFDUSD,HUMA,FDUSD,TRADING,8,8
HUMATRY,HUMA,TRY,TRADING,8,8
ABTC,A,BTC,TRADING,8,8
AETH,A,ETH,TRADING,8,8
AFDUSD,A,FDUSD,TRADING,8,8
ATRY,A,TRY,TRADING,8,8
AUSDC,A,USDC,TRADING,8,8
AUSDT,A,USDT,TRADING,8,8
SOPHUSDT,SOPH,USDT,TRADING,8,8
SOPHUSDC,SOPH,USDC,TRADING,8,8
SOPHBNB,SOPH,BNB,TRADING,8,8
SOPHFDUSD,SOPH,FDUSD,TRADING,8,8
SOPHTRY,SOPH,TRY,TRADING,8,8
MUBARAKTRY,MUBARAK,TRY,TRADING,8,8
TRXJPY,TRX,JPY,TRADING,8,8
DAIJPY,DAI,JPY,TRADING,8,8
RESOLVUSDT,RESOLV,USDT,TRADING,8,8
RESOLVUSDC,RESOLV,USDC,TRADING,8,8
RESOLVBNB,RESOLV,BNB,TRADING,8,8
RESOLVFDUSD,RESOLV,FDUSD,TRADING,8,8
RESOLVTRY,RESOLV,TRY,TRADING,8,8
HOMEUSDT,HOME,USDT,TRADING,8,8
HOMEUSDC,HOME,USDC,TRADING,8,8
HOMEBNB,HOME,BNB,TRADING,8,8
HOMEFDUSD,HOME,FDUSD,TRADING,8,8
HOMETRY,HOME,TRY,TRADING,8,8
FLUXUSDC,FLUX,USDC,TRADING,8,8
MASKUSDC,MASK,USDC,TRADING,8,8
SUSHIUSDC,SUSHI,USDC,TRADING,8,8
SPKUSDT,SPK,USDT,TRADING,8,8
SPKUSDC,SPK,USDC,TRADING,8,8
SPKBNB,SPK,BNB,TRADING,8,8
SPKFDUSD,SPK,FDUSD,TRADING,8,8
SPKTRY,SPK,TRY,TRADING,8,8
NEWTUSDT,NEWT,USDT,TRADING,8,8
NEWTUSDC,NEWT,USDC,TRADING,8,8
NEWTBNB,NEWT,BNB,TRADING,8,8
NEWTFDUSD,NEWT,FDUSD,TRADING,8,8
NEWTTRY,NEWT,TRY,TRADING,8,8
NEIROJPY,NEIRO,JPY,TRADING,2,8
SAHARAUSDT,SAHARA,USDT,TRADING,8,8
SAHARAUSDC,SAHARA,USDC,TRADING,8,8
SAHARABNB,SAHARA,BNB,TRADING,8,8
SAHARAFDUSD,SAHARA,FDUSD,TRADING,8,8
SAHARATRY,SAHARA,TRY,TRADING,8,8
LPTUSDC,LPT,USDC,TRADING,8,8
RVNUSDC,RVN,USDC,TRADING,8,8
LAUSDT,LA,USDT,TRADING,8,8
LAUSDC,LA,USDC,TRADING,8,8
LABNB,LA,BNB,TRADING,8,8
LAFDUSD,LA,FDUSD,TRADING,8,8
LATRY,LA,TRY,TRADING,8,8
LPTJPY,LPT,JPY,TRADING,8,8
XAIUSDC,XAI,USDC,TRADING,8,8
AXSUSDC,AXS,USDC,TRADING,8,8
COMPUSDC,COMP,USDC,TRADING,8,8
ERAUSDT,ERA,USDT,TRADING,8,8
ERAUSDC,ERA,USDC,TRADING,8,8
ERABNB,ERA,BNB,TRADING,8,8
ERAFDUSD,ERA,FDUSD,TRADING,8,8
ERATRY,ERA,TRY,TRADING,8,8
CUSDT,C,USDT,TRADING,8,8
CUSDC,C,USDC,TRADING,8,8
CBNB,C,BNB,TRADING,8,8
CFDUSD,C,FDUSD,TRADING,8,8
CTRY,C,TRY,TRADING,8,8
GRTUSDC,GRT,USDC,TRADING,8,8
ROSEUSDC,ROSE,USDC,TRADING,8,8
